,fragment_name,AF iPTM rank,fragment start (aa),fragment center (aa),fragment end (aa),pLDDT,pTM,iPTM,N_contacts,weighted_contacts,gene,condition,fragment length (aa),cluster_n_fragments,cluster first fragment center (aa),cluster last fragment center (aa),cluster first residue (aa),cluster last residue (aa)
0,ftsZ1copies_10-316_ftsZ_190-219,1,190,204.5,219,90.3,0.89,0.798,10,7.98,ftsZ-coding-EcoliBL21DE3,30aa_monomer_ftsZ,30,37,196.5,221.5,182,236
1,ftsZ1copies_10-316_ftsZ_259-288,1,259,273.5,288,92.3,0.906,0.838,8,6.704,ftsZ-coding-EcoliBL21DE3,30aa_monomer_ftsZ,30,39,260.5,286.5,246,301
2,ftsZ1copies_10-316_ftsZ_56-85,1,56,70.5,85,93.1,0.902,0.77,5,3.85,ftsZ-coding-EcoliBL21DE3,30aa_monomer_ftsZ,30,30,56.5,82.5,42,97
3,ftsZ1copies_10-316_ftsZ_287-316,1,287,301.5,316,91.7,0.897,0.792,5,3.96,ftsZ-coding-EcoliBL21DE3,30aa_monomer_ftsZ,30,24,290.5,305.5,276,320
4,ftsZ1copies_10-316_ftsZ_160-189,3,160,174.5,189,89.8,0.854,0.771,7,5.397,ftsZ-coding-EcoliBL21DE3,30aa_monomer_ftsZ,30,34,163.5,190.5,149,205
5,ftsZ1copies_10-316_ftsZ_130-159,1,130,144.5,159,91.8,0.876,0.652,5,3.26,ftsZ-coding-EcoliBL21DE3,30aa_monomer_ftsZ,30,10,125.5,147.5,111,162
6,ftsZ1copies_10-316_ftsZ_36-65,1,36,50.5,65,92.6,0.897,0.755,4,3.02,ftsZ-coding-EcoliBL21DE3,30aa_monomer_ftsZ,30,6,36.5,50.5,22,65
7,groEL1copies_1-548_groEL_43-72,1,43,57.5,72,89.9,0.801,0.884,8,7.072,groL-coding-EcoliBL21DE3,30aa_monomer_groL,30,37,26.5,63.5,12,78
8,groEL1copies_1-548_groEL_500-529,4,500,514.5,529,89.4,0.769,0.814,12,9.768,groL-coding-EcoliBL21DE3,30aa_monomer_groL,30,31,504.5,530.5,490,545
9,groEL1copies_1-548_groEL_50-79,1,50,64.5,79,89.8,0.792,0.858,5,4.29,groL-coding-EcoliBL21DE3,30aa_monomer_groL,30,21,61.5,79.5,47,94
10,groEL1copies_1-548_groEL_96-125,3,96,110.5,125,90.2,0.774,0.867,4,3.468,groL-coding-EcoliBL21DE3,30aa_monomer_groL,30,41,103.5,126.5,89,141
11,groEL1copies_1-548_groEL_378-407,2,378,392.5,407,88.9,0.732,0.825,4,3.3,groL-coding-EcoliBL21DE3,30aa_monomer_groL,30,18,376.5,397.5,362,412
12,groES1copies_1-97_groEL_247-276,1,247,261.5,276,92.9,0.749,0.787,8,6.296,groL-coding-EcoliBL21DE3,30aa_monomer_groS,30,16,259.5,274.5,245,289
13,gyrA1copies_1-872_gyrA_551-580,1,551,565.5,580,83.4,0.597,0.785,25,19.625,gyrA-coding-EcoliBL21DE3,30aa_monomer_gyrA,30,17,556.5,572.5,542,587
14,gyrA1copies_1-872_gyrA_450-479,1,450,464.5,479,87.6,0.657,0.934,17,15.878,gyrA-coding-EcoliBL21DE3,30aa_monomer_gyrA,30,22,452.5,473.5,438,488
15,gyrA1copies_1-872_gyrA_68-97,1,68,82.5,97,87.8,0.678,0.955,6,5.73,gyrA-coding-EcoliBL21DE3,30aa_monomer_gyrA,30,43,57.5,87.5,43,102
16,gyrA1copies_1-872_gyrA_382-411,2,382,396.5,411,86.9,0.631,0.906,6,5.436,gyrA-coding-EcoliBL21DE3,30aa_monomer_gyrA,30,24,388.5,411.5,374,426
17,gyrA1copies_1-872_gyrA_826-855,1,826,840.5,855,83.7,0.596,0.452,12,5.424,gyrA-coding-EcoliBL21DE3,30aa_monomer_gyrA,30,7,830.5,845.5,816,860
18,gyrB1copies_1-804_gyrA_14-43,1,14,28.5,43,86.2,0.705,0.832,15,12.48,gyrA-coding-EcoliBL21DE3,30aa_monomer_gyrB,30,20,15.5,34.5,1,49
19,gyrB1copies_1-804_gyrA_499-528,2,499,513.5,528,85.3,0.693,0.507,7,3.549,gyrA-coding-EcoliBL21DE3,30aa_monomer_gyrB,30,17,507.5,530.5,493,545
20,gyrB1copies_1-804_gyrA_434-463,1,434,448.5,463,85.4,0.692,0.851,10,8.51,gyrA-coding-EcoliBL21DE3,30aa_monomer_gyrB,30,7,447.5,458.5,433,473
21,gyrB1copies_1-804_gyrA_731-760,3,731,745.5,760,87.3,0.73,0.662,10,6.62,gyrA-coding-EcoliBL21DE3,30aa_monomer_gyrB,30,25,741.5,760.5,727,775
22,gyrB1copies_1-804_gyrA_782-811,1,782,796.5,811,88.1,0.732,0.78,9,7.02,gyrA-coding-EcoliBL21DE3,30aa_monomer_gyrB,30,19,792.5,805.5,778,820
23,lptF1copies_1-366_lptG_173-186,1,173,179.5,186,84.2,0.736,0.883,16,14.128,lptG-coding-EcoliBL21DE3,30aa_monomer_lptF,14,9,172.5,181.5,166,188
24,lptF1copies_1-366_lptG_205-218,1,205,211.5,218,83.4,0.726,0.846,16,13.536,lptG-coding-EcoliBL21DE3,30aa_monomer_lptF,14,6,207.5,212.5,201,219
25,lptF1copies_1-366_lptG_25-38,1,25,31.5,38,82.9,0.747,0.842,10,8.42,lptG-coding-EcoliBL21DE3,30aa_monomer_lptF,14,6,26.5,31.5,20,38
26,lptF1copies_1-366_lptG_60-73,1,60,66.5,73,79.2,0.707,0.786,9,7.074,lptG-coding-EcoliBL21DE3,30aa_monomer_lptF,14,6,64.5,69.5,58,76
27,lptF1copies_1-366_lptG_323-336,1,323,329.5,336,83.7,0.75,0.791,6,4.746,lptG-coding-EcoliBL21DE3,30aa_monomer_lptF,14,8,327.5,334.5,321,341
28,lptG1copies_1-360_lptG_64-77,1,64,70.5,77,84.2,0.764,0.774,5,3.87,lptG-coding-EcoliBL21DE3,30aa_monomer_lptG,14,13,66.5,73.5,60,80
29,lptG1copies_1-360_lptG_79-92,1,79,85.5,92,84,0.734,0.829,5,4.145,lptG-coding-EcoliBL21DE3,30aa_monomer_lptG,14,8,84.5,92.5,78,99
30,rplL1copies_1-121_rplL_10-39,1,10,24.5,39,72.8,0.434,0.663,9,5.967,rplL-coding-EcoliBL21DE3,30aa_monomer_rplL,30,13,16.5,30.5,2,45
31,ssb1copies_1-178_ssb_6-35,1,6,20.5,35,82.7,0.677,0.786,13,10.218,ssb-coding-EcoliBL21DE3,30aa_monomer_ssb,30,7,15.5,21.5,1,36
32,ssb1copies_1-178_ssb_76-105,2,76,90.5,105,81.3,0.69,0.828,4,3.312,ssb-coding-EcoliBL21DE3,30aa_monomer_ssb,30,14,71.5,97.5,57,112
33,ssb1copies_1-178_ssb_52-81,2,52,66.5,81,80.6,0.67,0.791,4,3.164,ssb-coding-EcoliBL21DE3,30aa_monomer_ssb,30,14,41.5,68.5,27,83
