,fragment center (aa),peak region first fragment center (aa),peak region last fragment center (aa),gene,fragment ID,fragment start (aa),fragment end (aa),fragment length (aa),E = inhibitory effect (enrichment),sem(E)
10,26.5,26.5,26.5,ftsZ-coding-EcoliBL21DE3,ftsZ-coding-EcoliBL21DE3_34_123_+,12,41,30,-2.527030596,0.350486124
11,130.5,130.5,135.5,ftsZ-coding-EcoliBL21DE3,ftsZ-coding-EcoliBL21DE3_346_435_+,116,145,30,-4.585131778,1.284617302
12,174.5,163.5,186.5,ftsZ-coding-EcoliBL21DE3,ftsZ-coding-EcoliBL21DE3_478_567_+,160,189,30,-9.531837596,1.005945636
13,190.5,187.5,210.5,ftsZ-coding-EcoliBL21DE3,ftsZ-coding-EcoliBL21DE3_526_615_+,176,205,30,-5.988661309,1.474586826
14,213.5,211.5,214.5,ftsZ-coding-EcoliBL21DE3,ftsZ-coding-EcoliBL21DE3_595_684_+,199,228,30,-5.157779894,1.209351801
15,272.5,257.5,276.5,ftsZ-coding-EcoliBL21DE3,ftsZ-coding-EcoliBL21DE3_772_861_+,258,287,30,-8.707760648,1.176844582
16,367.5,366.5,367.5,ftsZ-coding-EcoliBL21DE3,ftsZ-coding-EcoliBL21DE3_1057_1146_+,353,382,30,-3.48437817,0.3710922
17,17.5,17.5,17.5,groL-coding-EcoliBL21DE3,groL-coding-EcoliBL21DE3_7_96_+,3,32,30,-2.54769787,0.369747026
18,99.5,96.5,101.5,groL-coding-EcoliBL21DE3,groL-coding-EcoliBL21DE3_253_342_+,85,114,30,-2.35713201,0.379953532
19,175.5,175.5,177.5,groL-coding-EcoliBL21DE3,groL-coding-EcoliBL21DE3_481_570_+,161,190,30,-4.088084346,1.717736979
20,185.5,185.5,185.5,groL-coding-EcoliBL21DE3,groL-coding-EcoliBL21DE3_511_600_+,171,200,30,-2.887016188,0.595799031
21,243.5,242.5,264.5,groL-coding-EcoliBL21DE3,groL-coding-EcoliBL21DE3_685_774_+,229,258,30,-4.7610669,0.752398752
22,346.5,346.5,346.5,groL-coding-EcoliBL21DE3,groL-coding-EcoliBL21DE3_994_1083_+,332,361,30,-2.032475858,1.821119747
23,445.5,445.5,445.5,groL-coding-EcoliBL21DE3,groL-coding-EcoliBL21DE3_1291_1380_+,431,460,30,-2.281083475,0.314778651
24,452.5,452.5,452.5,groL-coding-EcoliBL21DE3,groL-coding-EcoliBL21DE3_1312_1401_+,438,467,30,-2.010883675,0.189332834
25,500.5,500.5,500.5,groL-coding-EcoliBL21DE3,groL-coding-EcoliBL21DE3_1456_1545_+,486,515,30,-2.263820009,0.203216464
26,26.5,26.5,26.5,gyrA-coding-EcoliBL21DE3,gyrA-coding-EcoliBL21DE3_34_123_+,12,41,30,-3.382958579,0.571097347
27,89.5,88.5,102.5,gyrA-coding-EcoliBL21DE3,gyrA-coding-EcoliBL21DE3_223_312_+,75,104,30,-4.936210132,1.92620772
28,137.5,126.5,138.5,gyrA-coding-EcoliBL21DE3,gyrA-coding-EcoliBL21DE3_367_456_+,123,152,30,-7.568134202,1.041434167
29,147.5,147.5,147.5,gyrA-coding-EcoliBL21DE3,gyrA-coding-EcoliBL21DE3_397_486_+,133,162,30,-3.761819502,1.667332121
30,183.5,183.5,196.5,gyrA-coding-EcoliBL21DE3,gyrA-coding-EcoliBL21DE3_505_594_+,169,198,30,-3.930910737,0.520997437
31,270.5,270.5,270.5,gyrA-coding-EcoliBL21DE3,gyrA-coding-EcoliBL21DE3_766_855_+,256,285,30,-3.997068648,1.628881929
32,340.5,332.5,352.5,gyrA-coding-EcoliBL21DE3,gyrA-coding-EcoliBL21DE3_976_1065_+,326,355,30,-7.981453306,0.728334869
33,375.5,356.5,379.5,gyrA-coding-EcoliBL21DE3,gyrA-coding-EcoliBL21DE3_1081_1170_+,361,390,30,-7.590923685,0.34751587
34,382.5,380.5,391.5,gyrA-coding-EcoliBL21DE3,gyrA-coding-EcoliBL21DE3_1102_1191_+,368,397,30,-10.009783,0.43904933
35,489.5,468.5,491.5,gyrA-coding-EcoliBL21DE3,gyrA-coding-EcoliBL21DE3_1423_1512_+,475,504,30,-9.139436841,0.449174063
36,492.5,492.5,502.5,gyrA-coding-EcoliBL21DE3,gyrA-coding-EcoliBL21DE3_1432_1521_+,478,507,30,-9.858856226,0.549084121
37,669.5,669.5,673.5,gyrA-coding-EcoliBL21DE3,gyrA-coding-EcoliBL21DE3_1963_2052_+,655,684,30,-3.00968631,0.448978235
38,783.5,783.5,783.5,gyrA-coding-EcoliBL21DE3,gyrA-coding-EcoliBL21DE3_2305_2394_+,769,798,30,-3.352384571,1.742464411
64,20.5,17.5,22.5,lptG-coding-EcoliBL21DE3,lptG-coding-EcoliBL21DE3_40_81_+,14,27,14,-2.493122198,0.168188471
65,76.5,72.5,76.5,lptG-coding-EcoliBL21DE3,lptG-coding-EcoliBL21DE3_208_249_+,70,83,14,-1.848645999,0.072843993
66,291.5,288.5,293.5,lptG-coding-EcoliBL21DE3,lptG-coding-EcoliBL21DE3_853_894_+,285,298,14,-2.973516571,0.049031268
67,323.5,315.5,323.5,lptG-coding-EcoliBL21DE3,lptG-coding-EcoliBL21DE3_949_990_+,317,330,14,-1.983483592,0.044204508
68,19.5,15.5,31.5,rplL-coding-EcoliBL21DE3,rpIL-coding-EcoliBL21DE3_13_102_+,5,34,30,-7.2117175,0.994834938
97,66.5,57.5,69.5,ssb-coding-EcoliBL21DE3,ssb-coding-EcoliBL21DE3_154_243_+,52,81,30,-7.315548623,1.19425563
98,94.5,94.5,94.5,ssb-coding-EcoliBL21DE3,ssb-coding-EcoliBL21DE3_238_327_+,80,109,30,-2.677513733,1.439469061
